Metric,Score
Accuracy,0.67
AUC (Macro),0.8444166666666667
AUC (Weighted),0.8444166666666666
Precision (Macro),0.6625110772698724
Precision (Weighted),0.6625110772698725
Recall (Macro),0.6699999999999999
Recall (Weighted),0.67
F1 Score (Macro),0.6652919598254845
F1 Score (Weighted),0.6652919598254846
MCC,0.5606357476420354
